,Selection,View,Channel,Begin.Time..s.,End.Time..s.,Low.Freq..Hz.,High.Freq..Hz.,UTC,Begin.Hour,species,Notes
1,1,Spectrogram 1,1,5480.217676,5542.721183,6.1,733.2,3/11/23 22:07,22,HmpSng,
2,2,Spectrogram 1,1,6141.964651,6177.862796,378,768,3/11/23 22:18,22,HmpSng,
3,3,Spectrogram 1,1,7452.449474,7515.716772,192,660,3/11/23 22:40,22,HmpSng,
4,4,Spectrogram 1,1,8458.762902,8544.943909,126,744,3/11/23 22:56,22,HmpSng,
5,5,Spectrogram 1,1,8893.331438,9038.324299,168,702,3/11/23 23:04,23,HmpSng,
6,6,Spectrogram 1,1,9490.150695,9599.500008,144,768,3/11/23 23:14,23,HmpSng,
7,7,Spectrogram 1,1,9658.540349,9731.355026,138,1002,3/11/23 23:16,23,HmpSng,
8,8,Spectrogram 1,1,12701.88362,12817.08866,168,822,3/12/23 0:07,0,HmpSng,
9,9,Spectrogram 1,1,13297.78935,13426.36072,174,552,3/12/23 0:17,0,HmpSng,
10,10,Spectrogram 1,1,14131.84666,14215.4817,168,798,3/12/23 0:31,0,HmpSng,
11,11,Spectrogram 1,1,15267.14163,15402.33251,180,588,3/12/23 0:50,0,HmpSng,
12,12,Spectrogram 1,1,15748.40443,15827.07484,156,726,3/12/23 0:58,0,HmpSng,
13,13,Spectrogram 1,1,16205.88818,16354.3181,174,546,3/12/23 1:06,1,HmpSng,
14,14,Spectrogram 1,1,16384.36002,16436.80695,168,798,3/12/23 1:09,1,HmpSng,
15,15,Spectrogram 1,1,17090.35694,17231.65815,192,726,3/12/23 1:20,1,HmpSng,
16,16,Spectrogram 1,1,18489.46864,18556.17299,204,678,3/12/23 1:44,1,HmpSng,
17,17,Spectrogram 1,1,20657.6667,20698.91138,198,594,3/12/23 3:20,3,HmpSng,
18,18,Spectrogram 1,1,21535.38944,21613.04146,174,798,3/12/23 3:34,3,HmpSng,
19,19,Spectrogram 1,1,21703.14252,21751.7705,180,708,3/12/23 3:37,3,HmpSng,
20,20,Spectrogram 1,1,22029.35619,22184.27832,186,654,3/12/23 3:43,3,HmpSng,
21,21,Spectrogram 1,1,22728.12163,22828.05087,210,708,3/12/23 3:54,3,HmpSng,
22,22,Spectrogram 1,1,26874.94249,26986.58317,72,720,3/12/23 4:03,4,HmpSng,
23,23,Spectrogram 1,1,27992.3937,28077.30172,150,678,3/12/23 4:22,4,HmpSng,
24,24,Spectrogram 1,1,28504.0819,28564.16674,144,666,3/12/23 4:31,4,HmpSng,
25,25,Spectrogram 1,1,29200.27715,29260.87118,168,876,3/12/23 4:42,4,HmpSng,
26,26,Spectrogram 1,1,29672.88475,29797.38257,180,972,3/12/23 4:50,4,HmpSng,
27,27,Spectrogram 1,1,35095.26378,35149.11099,162,558,3/12/23 6:20,6,HmpSng,
28,28,Spectrogram 1,1,36075.84324,36160.87856,126,690,3/12/23 6:37,6,HmpSng,
29,29,Spectrogram 1,1,36549.1134,36632.11195,168,642,3/12/23 6:45,6,HmpSng,
30,30,Spectrogram 1,1,38495.15017,38647.27174,162,588,3/12/23 7:17,7,HmpSng,
31,31,Spectrogram 1,1,38714.48021,38842.66968,144,1032,3/12/23 7:21,7,HmpSng,
32,32,Spectrogram 1,1,39236.63295,39322.68666,186,828,3/12/23 7:29,7,HmpSng,
33,33,Spectrogram 1,1,39511.62307,39602.00493,174,726,3/12/23 7:34,7,HmpSng,
34,34,Spectrogram 1,1,41097.25251,41189.54384,192,702,3/12/23 8:00,8,HmpSng,
35,35,Spectrogram 1,1,41216.65839,41262.10392,234,762,3/12/23 8:02,8,HmpSng,
36,36,Spectrogram 1,1,41586.43497,41724.04452,60,528,3/12/23 8:09,8,HmpSng,
37,37,Spectrogram 1,1,41883.8533,41995.62128,0,906,3/12/23 8:14,8,HmpSng,
38,38,Spectrogram 1,1,43526.00322,43644.26342,0,924,3/12/23 8:41,8,HmpSng,
39,39,Spectrogram 1,1,44720.85147,44875.51901,0,1110,3/12/23 9:01,9,HmpSng,
40,40,Spectrogram 1,1,45289.08623,45374.12155,168,1080,3/12/23 9:10,9,HmpSng,
41,41,Spectrogram 1,1,48209.28707,48289.10316,78,738,3/12/23 9:59,9,HmpSng,
42,42,Spectrogram 1,1,48340.76032,48396.26242,144,942,3/12/23 10:01,10,HmpSng,
43,43,Spectrogram 1,1,49958.46833,50049.48667,6,864,3/12/23 10:28,10,HmpSng,
44,44,Spectrogram 1,1,50716.65692,50771.39523,186,912,3/12/23 10:41,10,HmpSng,
45,45,Spectrogram 1,1,53596.63148,53663.46313,30,918,3/12/23 11:29,11,HmpSng,
46,46,Spectrogram 1,1,55619.93838,55703.70071,42,906,3/12/23 12:02,12,HmpSng,
47,47,Spectrogram 1,1,55869.59612,55941.13781,174,948,3/12/23 12:07,12,HmpSng,
48,48,Spectrogram 1,1,56549.6487,56692.09559,132,702,3/12/23 12:18,12,HmpSng,
49,49,Spectrogram 1,1,58984.63711,59073.49139,0,1254,3/12/23 12:59,12,HmpSng,
50,50,Spectrogram 1,1,59732.74261,59776.15136,0,1014,3/12/23 13:11,13,HmpSng,
51,51,Spectrogram 1,1,60348.79072,60480.79915,150,930,3/12/23 13:21,13,HmpSng,
52,52,Spectrogram 1,1,61776.21171,61830.56812,0,942,3/12/23 13:45,13,HmpSng,
53,53,Spectrogram 1,1,63841.45007,63925.46701,138,966,3/12/23 14:19,14,HmpSng,
54,54,Spectrogram 1,1,64448.33269,64515.16435,126,654,3/12/23 14:30,14,HmpSng,
55,55,Spectrogram 1,1,65920.86824,65993.17372,210,576,3/12/23 14:54,14,HmpSng,
56,56,Spectrogram 1,1,65952.56553,66002.08461,1158,1788,3/12/23 14:55,14,Other,odontocetes
57,57,Spectrogram 1,1,66776.13466,66873.26333,102,678,3/12/23 15:08,15,HmpSng,
58,58,Spectrogram 1,1,68383.78671,68477.35103,132,936,3/12/23 15:35,15,HmpSng,
59,59,Spectrogram 1,1,68642.4039,68716.87345,168,942,3/12/23 15:39,15,HmpSng,
60,60,Spectrogram 1,1,72040.91266,72150.38927,24,1146,3/12/23 16:36,16,HmpSng,
61,61,Spectrogram 1,1,73300.40172,73377.16265,0,1128,3/12/23 16:57,16,HmpSng,
62,62,Spectrogram 1,1,73790.09196,73863.16123,78,702,3/12/23 17:05,17,HmpSng,
63,63,Spectrogram 1,1,74658.08447,74799.13108,180,912,3/12/23 17:20,17,HmpSng,
64,64,Spectrogram 1,1,75069.94342,75119.2079,144,780,3/12/23 17:27,17,HmpSng,
65,65,Spectrogram 1,1,75404.63649,75497.8189,66,720,3/12/23 17:32,17,HmpSng,
66,66,Spectrogram 1,1,75883.76237,75987.12866,0,834,3/12/23 17:40,17,HmpSng,
67,67,Spectrogram 1,1,76380.20084,76465.23616,0,906,3/12/23 17:48,17,HmpSng,
68,68,Spectrogram 1,1,77284.3508,77402.3564,0,972,3/12/23 18:04,18,HmpSng,
69,69,Spectrogram 1,1,78151.25318,78263.14846,120,588,3/12/23 18:18,18,HmpSng,
70,70,Spectrogram 1,1,79883.42617,79984.75568,234,744,3/12/23 18:47,18,HmpSng,
71,71,Spectrogram 1,1,81561.72883,81626.14181,126,972,3/12/23 19:15,19,HmpSng,
72,72,Spectrogram 1,1,82385.73165,82440.34266,54,972,3/12/23 19:29,19,HmpSng,
73,73,Spectrogram 1,1,83054.86318,83104.50955,108,780,3/12/23 19:40,19,HmpSng,
74,74,Spectrogram 1,1,83717.04394,83792.27728,288,906,3/12/23 19:51,19,HmpSng,
75,75,Spectrogram 1,1,84185.09487,84264.91095,138,780,3/12/23 19:59,19,HmpSng,
76,76,Spectrogram 1,1,88144.00007,88225.85293,72,942,3/12/23 21:05,21,HmpSng,
77,77,Spectrogram 1,1,90437.20515,90497.79918,48,948,3/12/23 21:43,21,HmpSng,
78,78,Spectrogram 1,1,90829.76813,90908.31124,126,882,3/12/23 21:49,21,HmpSng,
79,79,Spectrogram 1,1,94603.88392,94652.8938,246,762,3/12/23 22:52,22,HmpSng,
80,80,Spectrogram 1,1,95769.80921,95878.52203,156,1032,3/12/23 23:12,23,HmpSng,
81,81,Spectrogram 1,1,96091.94924,96214.41029,228,618,3/12/23 23:17,23,HmpSng,
82,82,Spectrogram 1,1,98164.34247,98240.5942,126,672,3/12/23 23:52,23,HmpSng,
83,83,Spectrogram 1,1,98363.10534,98454.50558,0,792,3/12/23 23:55,23,HmpSng,
84,84,Spectrogram 1,1,101725.0567,101803.5998,156,1224,3/13/23 0:51,0,Hmp,
85,85,Spectrogram 1,1,102546.1689,102584.2311,312,1674,3/13/23 1:05,1,Hmp,
86,86,Spectrogram 1,1,102875.3881,102925.5437,144,810,3/13/23 1:10,1,HmpSng,
87,87,Spectrogram 1,1,103115.1668,103190.4002,144,696,3/13/23 1:14,1,HmpSng,
88,88,Spectrogram 1,1,104586.0232,104629.4319,78,696,3/13/23 1:39,1,HmpSng,
89,89,Spectrogram 1,1,104119.369,104149.2841,144,1614,3/13/23 1:31,1,Hmp,
90,90,Spectrogram 1,1,104791.3254,104876.8699,144,744,3/13/23 1:42,1,HmpSng,
91,91,Spectrogram 1,1,105156.6963,105221.3639,18,762,3/13/23 1:48,1,HmpSng,
92,92,Spectrogram 1,1,105389.2692,105499.1277,144,888,3/13/23 1:52,1,HmpSng,
93,93,Spectrogram 1,1,106347.139,106420.2083,372,648,3/13/23 2:08,2,HmpSng,
94,94,Spectrogram 1,1,107082.1083,107159.2511,138,864,3/13/23 2:20,2,HmpSng,
95,95,Spectrogram 1,1,108269.9555,108309.1634,114,912,3/13/23 2:40,2,HmpSng,
96,96,Spectrogram 1,1,108539.2172,108636.3459,270,1056,3/13/23 2:44,2,HmpSng,
97,97,Spectrogram 1,1,108870.0913,108990.5156,204,720,3/13/23 2:50,2,HmpSng,
98,98,Spectrogram 1,1,109198.0376,109308.7872,144,540,3/13/23 2:55,2,HmpSng,
99,99,Spectrogram 1,1,109548.5156,109641.0616,138,492,3/13/23 3:01,3,HmpSng,
100,100,Spectrogram 1,1,109884.3544,109965.0616,162,864,3/13/23 3:07,3,HmpSng,
101,101,Spectrogram 1,1,110404.571,110490.6247,150,978,3/13/23 3:16,3,HmpSng,
102,102,Spectrogram 1,1,111649.5243,111728.322,180,780,3/13/23 3:36,3,HmpSng,
103,103,Spectrogram 1,1,113237.827,113318.2796,162,696,3/13/23 4:03,4,HmpSng,
104,104,Spectrogram 1,1,116975.0023,117064.3658,210,930,3/13/23 5:05,5,HmpSng,
105,105,Spectrogram 1,1,117813.1352,117886.3318,312,972,3/13/23 5:19,5,HmpSng,
106,106,Spectrogram 1,1,118541.2824,118611.8057,264,798,3/13/23 5:31,5,HmpSng,
107,107,Spectrogram 1,1,119382.8524,119494.875,282,876,3/13/23 5:45,5,HmpSng,
108,108,Spectrogram 1,1,119683.5568,119826.2583,336,948,3/13/23 5:50,5,HmpSng,
109,109,Spectrogram 1,1,120645.6275,120741.8651,216,972,3/13/23 6:06,6,HmpSng,
110,110,Spectrogram 1,1,121136.0304,121262.1831,204,1014,3/13/23 6:14,6,HmpSng,
111,111,Spectrogram 1,1,121760.7348,121916.8026,180,840,3/13/23 6:25,6,HmpSng,
112,112,Spectrogram 1,1,122643.2949,122718.0191,318,1056,3/13/23 6:39,6,HmpSng,
113,113,Spectrogram 1,1,123120.7659,123215.6032,210,780,3/13/23 6:47,6,HmpSng,
114,114,Spectrogram 1,1,123770.8027,123851.5099,204,996,3/13/23 6:58,6,HmpSng,
115,115,Spectrogram 1,1,124059.9229,124134.9017,174,1266,3/13/23 7:03,7,HmpSng,
116,116,Spectrogram 1,1,124682.4633,124798.814,42,864,3/13/23 7:13,7,HmpSng,
117,117,Spectrogram 1,1,125003.4081,125142.2906,162,930,3/13/23 7:19,7,HmpSng,
118,118,Spectrogram 1,1,126382.5339,126452.0389,204,756,3/13/23 7:42,7,HmpSng,
119,119,Spectrogram 1,1,126968.4123,127087.5636,48,906,3/13/23 7:52,7,HmpSng,
120,120,Spectrogram 1,1,127623.4137,127725.8889,204,750,3/13/23 8:02,8,HmpSng,
121,121,Spectrogram 1,1,128187.3203,128233.7843,162,1152,3/13/23 8:12,8,HmpSng,
122,122,Spectrogram 1,1,129938.7687,130019.7305,120,900,3/13/23 8:41,8,HmpSng,
123,123,Spectrogram 1,1,130606.8819,130670.7857,54,960,3/13/23 8:52,8,HmpSng,
124,124,Spectrogram 1,1,132084.358,132170.0298,120,1020,3/13/23 9:17,9,HmpSng,
125,125,Spectrogram 1,1,134152.676,134306.8343,294,750,3/13/23 9:51,9,HmpSng,
126,126,Spectrogram 1,1,134985.0805,135087.683,144,1236,3/13/23 10:05,10,HmpSng,
127,127,Spectrogram 1,1,135568.5911,135611.7452,210,1224,3/13/23 10:15,10,HmpSng,
128,128,Spectrogram 1,1,137007.8782,137071.6547,24,1068,3/13/23 10:39,10,HmpSng,
129,129,Spectrogram 1,1,137395.9858,137561.7283,102,2046,3/13/23 10:45,10,HmpSng,
130,130,Spectrogram 1,1,137891.2785,138046.5826,108,1812,3/13/23 10:54,10,HmpSng,
131,131,Spectrogram 1,1,138090.2448,138211.6875,144,1146,3/13/23 10:57,10,HmpSng,
132,132,Spectrogram 1,1,140171.9308,140330.9265,126,1056,3/13/23 11:32,11,HmpSng,
133,133,Spectrogram 1,1,140528.01,140651.9987,174,1506,3/13/23 11:38,11,HmpSng,
134,134,Spectrogram 1,1,140842.3354,140981.7271,198,786,3/13/23 11:43,11,HmpSng,
135,135,Spectrogram 1,1,141558.3127,141633.8006,210,1596,3/13/23 11:55,11,HmpSng,
136,136,Spectrogram 1,1,142432.2929,142592.9435,0,930,3/13/23 12:09,12,HmpSng,
137,137,Spectrogram 1,1,145309.1359,145359.4187,60,1068,3/13/23 12:57,12,HmpSng,
138,138,Spectrogram 1,1,146014.4966,146095.0765,12,840,3/13/23 13:09,13,HmpSng,
139,139,Spectrogram 1,1,146817.4952,146969.2349,126,600,3/13/23 13:22,13,HmpSng,
140,140,Spectrogram 1,1,147841.5602,147943.1443,150,684,3/13/23 13:39,13,HmpSng,
141,141,Spectrogram 1,1,148847.167,148922.9096,54,552,3/13/23 13:56,13,HmpSng,
142,142,Spectrogram 1,1,149901.4782,150042.9067,114,834,3/13/23 14:14,14,HmpSng,
143,143,Spectrogram 1,1,150647.3707,150702.2363,204,744,3/13/23 14:26,14,HmpSng,
144,144,Spectrogram 1,1,151300.0807,151354.3098,234,1104,3/13/23 14:37,14,HmpSng,
145,145,Spectrogram 1,1,152325.3679,152484.6182,114,792,3/13/23 14:54,14,HmpSng,
146,146,Spectrogram 1,1,152647.5857,152806.836,144,612,3/13/23 15:00,15,HmpSng,
147,147,Spectrogram 1,1,153396.6091,153483.172,90,768,3/13/23 15:12,15,HmpSng,
148,148,Spectrogram 1,1,155744.1706,155800.3092,138,708,3/13/23 15:51,15,HmpSng,
149,149,Spectrogram 1,1,157350.6764,157458.6254,108,1158,3/13/23 16:18,16,HmpSng,
150,150,Spectrogram 1,1,157659.2733,157752.3284,120,1086,3/13/23 16:23,16,HmpSng,
151,151,Spectrogram 1,1,159287.1897,159404.4316,138,1644,3/13/23 16:50,16,HmpSng,
152,152,Spectrogram 1,1,159650.4223,159735.8395,138,1788,3/13/23 16:56,16,HmpSng,
153,153,Spectrogram 1,1,160479.1352,160565.1889,0,1068,3/13/23 17:10,17,HmpSng,
154,154,Spectrogram 1,1,162194.5057,162291.6343,60,774,3/13/23 17:39,17,HmpSng,
155,155,Spectrogram 1,1,162711.4392,162791.8918,144,816,3/13/23 17:47,17,HmpSng,
156,156,Spectrogram 1,1,166517.7639,166600.5079,0,1050,3/13/23 18:51,18,HmpSng,
157,157,Spectrogram 1,1,169618.2957,169702.1854,114,876,3/13/23 19:42,19,HmpSng,
158,158,Spectrogram 1,1,170334.5271,170401.4861,0,1080,3/13/23 19:54,19,HmpSng,
159,159,Spectrogram 1,1,173357.3861,173423.9631,102,894,3/13/23 20:45,20,HmpSng,
160,160,Spectrogram 1,1,173152.5612,173213.028,216,840,3/13/23 20:41,20,HmpSng,
161,161,Spectrogram 1,1,177343.6829,177426.8087,36,576,3/13/23 21:51,21,HmpSng,
162,162,Spectrogram 1,1,177847.2501,177908.0987,36,792,3/13/23 22:00,22,HmpSng,
163,163,Spectrogram 1,1,178884.5788,179003.6028,126,834,3/13/23 22:17,22,HmpSng,
164,164,Spectrogram 1,1,184520.9071,184566.2253,270,810,3/13/23 23:51,23,HmpSng,
165,165,Spectrogram 1,1,184906.3922,184960.494,174,714,3/13/23 23:57,23,HmpSng,
166,166,Spectrogram 1,1,185296.7911,185391.1192,42,972,3/14/23 0:04,0,HmpSng,
167,167,Spectrogram 1,1,185623.9974,185683.1911,102,1140,3/14/23 0:09,0,HmpSng,
168,168,Spectrogram 1,1,185962.4066,186110.0727,108,2058,3/14/23 0:15,0,HmpSng,
169,169,Spectrogram 1,1,186770.4971,186829.4362,48,1026,3/14/23 0:28,0,HmpSng,
170,170,Spectrogram 1,1,187210.262,187370.0215,150,1218,3/14/23 0:36,0,HmpSng,
171,171,Spectrogram 1,1,187549.7925,187641.5746,48,1788,3/14/23 0:41,0,HmpSng,
172,172,Spectrogram 1,1,188255.9678,188341.1304,216,1332,3/14/23 0:53,0,HmpSng,
173,173,Spectrogram 1,1,194218.207,194240.8661,84,720,3/14/23 2:32,2,HmpSng,
174,174,Spectrogram 1,1,194883.265,194933.8025,150,828,3/14/23 2:43,2,HmpSng,
175,175,Spectrogram 1,1,195626.4334,195726.3626,174,936,3/14/23 2:56,2,HmpSng,
176,176,Spectrogram 1,1,195988.1137,196067.8025,156,738,3/14/23 3:02,3,HmpSng,
177,177,Spectrogram 1,1,196389.8422,196542.4729,198,576,3/14/23 3:09,3,HmpSng,
178,178,Spectrogram 1,1,198187.6272,198336.439,282,960,3/14/23 3:39,3,HmpSng,
179,179,Spectrogram 1,1,199346.0684,199466.3654,150,876,3/14/23 3:58,3,HmpSng,
180,180,Spectrogram 1,1,200838.7686,200905.2184,120,756,3/14/23 4:23,4,HmpSng,
181,181,Spectrogram 1,1,201050.4388,201188.9394,162,996,3/14/23 4:26,4,HmpSng,
182,182,Spectrogram 1,1,201610.3725,201656.3273,102,780,3/14/23 4:36,4,HmpSng,
183,183,Spectrogram 1,1,202163.5346,202211.908,234,750,3/14/23 4:45,4,HmpSng,
184,184,Spectrogram 1,1,202533.7439,202613.0508,276,1050,3/14/23 4:51,4,HmpSng,
185,185,Spectrogram 1,1,203505.0429,203535.0853,400.9,879.3,3/14/23 5:07,5,HmpSng,
186,187,Spectrogram 1,1,204507.4406,204545.1209,77.6,685.3,3/14/23 5:24,5,HmpSng,
187,188,Spectrogram 1,1,205345.0644,205413.0417,84.1,769.4,3/14/23 5:38,5,HmpSng,
188,189,Spectrogram 1,1,206083.3954,206147.0446,0,750,3/14/23 5:50,5,HmpSng,
189,190,Spectrogram 1,1,206914.9088,206996.3798,71.1,762.9,3/14/23 6:04,6,HmpSng,
190,191,Spectrogram 1,1,207429.8055,207491.2907,122.8,556,3/14/23 6:13,6,HmpSng,
191,192,Spectrogram 1,1,208366.6712,208438.2129,168.1,924.6,3/14/23 6:28,6,HmpSng,
192,193,Spectrogram 1,1,208987.5566,209073.483,71.1,556,3/14/23 6:39,6,HmpSng,
193,194,Spectrogram 1,1,209352.9286,209458.459,129.3,659.5,3/14/23 6:45,6,HmpSng,
194,195,Spectrogram 1,1,210295.2681,210434.0233,90.5,827.6,3/14/23 7:00,7,HmpSng,
195,196,Spectrogram 1,1,210690.9371,210760.5693,103.4,1150.9,3/14/23 7:07,7,HmpSng,
196,197,Spectrogram 1,1,211415.9017,211489.7348,0,892.2,3/14/23 7:19,7,HmpSng,
197,198,Spectrogram 1,1,212242.9597,212370.64,187.5,1047.4,3/14/23 7:33,7,HmpSng,
198,199,Spectrogram 1,1,212872.3742,213015.5849,51.7,859.9,3/14/23 7:43,7,HmpSng,
199,200,Spectrogram 1,1,213209.8678,213350.7871,38.8,840.5,3/14/23 7:49,7,HmpSng,
200,201,Spectrogram 1,1,214017.4491,214168.425,142.2,698.3,3/14/23 8:02,8,HmpSng,
201,202,Spectrogram 1,1,214362.9626,214468.8748,84.1,504.3,3/14/23 8:08,8,HmpSng,
202,203,Spectrogram 1,1,215149.7942,215298.6061,155.2,814.7,3/14/23 8:21,8,HmpSng,
203,204,Spectrogram 1,1,215896.9597,215949.6612,168.1,1131.5,3/14/23 8:34,8,HmpSng,
204,205,Spectrogram 1,1,216495.4406,216571.3105,90.5,614.2,3/14/23 8:44,8,HmpSng,
205,206,Spectrogram 1,1,217253.121,217355.2143,129.3,918.1,3/14/23 8:56,8,HmpSng,
206,207,Spectrogram 1,1,217580.558,217718.9314,64.7,633.6,3/14/23 9:02,9,HmpSng,
207,208,Spectrogram 1,1,218003.087,218052.0969,51.7,1060.3,3/14/23 9:09,9,HmpSng,
208,209,Spectrogram 1,1,218860.2638,218943.517,0,892.2,3/14/23 9:23,9,HmpSng,
209,210,Spectrogram 1,1,219252.6231,219334.2213,32.3,1286.6,3/14/23 9:30,9,HmpSng,
210,211,Spectrogram 1,1,221829.9838,221932.459,0,1163.8,3/14/23 10:13,10,HmpSng,
211,212,Spectrogram 1,1,222436.3572,222530.4307,71.1,1183.2,3/14/23 10:23,10,HmpSng,
212,213,Spectrogram 1,1,223893.0842,224022.674,97,711.2,3/14/23 10:47,10,HmpSng,
213,214,Spectrogram 1,1,227586.546,227644.5941,206.9,872.8,3/14/23 11:49,11,HmpSng,
214,215,Spectrogram 1,1,228376.3056,228472.1613,12.9,963.4,3/14/23 12:02,12,HmpSng,
215,216,Spectrogram 1,1,228839.9011,228943.522,0,995.7,3/14/23 12:09,12,HmpSng,
216,217,Spectrogram 1,1,229207.9958,229284.8841,0,1079.7,3/14/23 12:16,12,HmpSng,
217,218,Spectrogram 1,1,232716.8637,232797.6982,187.5,484.9,3/14/23 13:14,13,HmpSng,
218,219,Spectrogram 1,1,240184.4958,240285.6981,148.7,788.8,3/14/23 15:18,15,HmpSng,
219,220,Spectrogram 1,1,244210.2315,244353.3149,174.6,1829.7,3/14/23 16:26,16,HmpSoc,
220,221,Spectrogram 1,1,244521.5017,244605.1367,142.2,1196.1,3/14/23 16:31,16,HmpSoc,
221,222,Spectrogram 1,1,253366.0696,253430.228,77.6,691.8,3/14/23 18:58,18,HmpSng,
222,223,Spectrogram 1,1,253891.3019,253944.5126,187.5,562.5,3/14/23 19:07,19,HmpSng,
223,224,Spectrogram 1,1,255720.0204,255800.9822,303.9,892.2,3/14/23 19:37,19,HmpSng,
224,225,Spectrogram 1,1,257180.9203,257302.8722,0,627.2,3/14/23 20:02,20,HmpSng,
225,226,Spectrogram 1,1,257903.6445,257961.438,161.6,995.7,3/14/23 20:14,20,HmpSng,
226,227,Spectrogram 1,1,263472.0604,263531.2541,90.5,640.1,3/14/23 21:47,21,HmpSng,
227,228,Spectrogram 1,1,264459.2594,264504.323,90.5,594.8,3/14/23 22:03,22,HmpSng,
228,229,Spectrogram 1,1,265594.4805,265684.6078,45.3,375,3/14/23 22:22,22,HmpSng,
229,230,Spectrogram 1,1,267292.8963,267355.3999,168.1,665.9,3/14/23 22:50,22,HmpSng,
230,231,Spectrogram 1,1,270169.4585,270315.3424,71.1,788.8,3/14/23 23:38,23,HmpSng,
231,232,Spectrogram 1,1,271630.8942,271731.4599,181,691.8,3/15/23 0:03,0,HmpSng,
232,233,Spectrogram 1,1,272335.6936,272440.8421,0,769.4,3/15/23 0:14,0,HmpSng,
233,234,Spectrogram 1,1,274589.3089,274691.9114,142.2,620.7,3/15/23 0:52,0,HmpSng,
234,235,Spectrogram 1,1,275241.1279,275349.3315,77.6,685.3,3/15/23 1:03,1,HmpSng,
235,236,Spectrogram 1,1,276155.3852,276219.4163,0,801.7,3/15/23 1:18,1,HmpSng,
236,237,Spectrogram 1,1,276362.6252,276472.2291,0,1118.5,3/15/23 1:21,1,HmpSng,
237,238,Spectrogram 1,1,276695.3311,276738.4852,12.9,879.3,3/15/23 1:27,1,HmpSng,
238,239,Spectrogram 1,1,278609.6706,278705.5263,129.3,1034.5,3/15/23 1:59,1,HmpSng,
239,240,Spectrogram 1,1,278825.3905,278907.4979,161.6,1034.5,3/15/23 2:02,2,HmpSng,
240,241,Spectrogram 1,1,281246.9888,281322.3494,97,737.1,3/15/23 2:43,2,HmpSng,
241,242,Spectrogram 1,1,281848.5249,281953.8006,97,1002.2,3/15/23 2:53,2,HmpSng,
242,243,Spectrogram 1,1,282339.4895,282430.7625,0,685.3,3/15/23 3:01,3,HmpSng,
243,244,Spectrogram 1,1,282856.2957,282946.6776,58.2,633.6,3/15/23 3:10,3,HmpSng,
244,245,Spectrogram 1,1,284027.5942,284094.935,232.8,678.9,3/15/23 3:29,3,HmpSng,
245,246,Spectrogram 1,1,286282.9916,286384.4484,32.3,1377.2,3/15/23 4:07,4,HmpSng,
246,247,Spectrogram 1,1,286578.3495,286692.1542,0,1125,3/15/23 4:12,4,HmpSng,
247,248,Spectrogram 1,1,287216.4202,287347.5375,0,1008.6,3/15/23 4:22,4,HmpSng,
248,249,Spectrogram 1,1,290055.9647,290115.795,0,737.1,3/15/23 5:10,5,HmpSng,
249,250,Spectrogram 1,1,290987.2292,291059.9166,0,762.9,3/15/23 5:25,5,HmpSng,
250,251,Spectrogram 1,1,291454.8983,291527.4584,0,834.1,3/15/23 5:33,5,HmpSng,
251,252,Spectrogram 1,1,293753.5772,293823.7186,0,762.9,3/15/23 6:11,6,HmpSng,
252,253,Spectrogram 1,1,294420.1627,294480.8841,0,847,3/15/23 6:22,6,HmpSng,
253,254,Spectrogram 1,1,298655.5341,298704.7986,97,711.2,3/15/23 7:33,7,HmpSng,
254,255,Spectrogram 1,1,299527.5284,299578.7024,168.1,808.2,3/15/23 7:47,7,HmpSng,
255,256,Spectrogram 1,1,300559.1805,300657.5822,97,724.1,3/15/23 8:05,8,HmpSng,
256,257,Spectrogram 1,1,300921.6745,301046.8088,58.2,1105.6,3/15/23 8:11,8,HmpSng,
257,258,Spectrogram 1,1,303108.5846,303170.3243,0,769.4,3/15/23 8:47,8,HmpSng,
258,259,Spectrogram 1,1,304283.3956,304406.875,51.7,808.2,3/15/23 9:07,9,HmpSng,
259,260,Spectrogram 1,1,305451.6388,305558.8241,0,982.8,3/15/23 9:26,9,HmpSng,
260,261,Spectrogram 1,1,308233.7718,308318.0433,51.7,859.9,3/15/23 10:13,10,HmpSng,
261,262,Spectrogram 1,1,308825.8878,308972.2809,122.8,620.7,3/15/23 10:22,10,HmpSng,
262,263,Spectrogram 1,1,311255.6332,311300.0603,45.3,575.4,3/15/23 11:03,11,HmpSng,
263,264,Spectrogram 1,1,311762.892,311837.4889,0,594.8,3/15/23 11:11,11,HmpSng,
264,265,Spectrogram 1,1,314167.9415,314239.8651,25.9,594.8,3/15/23 11:52,11,HmpSng,
265,266,Spectrogram 1,1,315297.4861,315358.9712,168.1,536.6,3/15/23 12:10,12,HmpSng,
266,267,Spectrogram 1,1,316197.3588,316239.7491,155.2,743.5,3/15/23 12:25,12,HmpSng,
267,268,Spectrogram 1,1,319019.6672,319127.8708,200.4,711.2,3/15/23 13:12,13,HmpSng,
268,269,Spectrogram 1,1,320243.7944,320285.421,122.8,646.6,3/15/23 13:33,13,HmpSng,
269,270,Spectrogram 1,1,322119.6883,322188.0475,77.6,782.3,3/15/23 14:04,14,HmpSng,
270,271,Spectrogram 1,1,324306.65,324363.1705,116.4,743.5,3/15/23 14:40,14,HmpSng,
271,272,Spectrogram 1,1,326557.5145,326649.8059,181,866.4,3/15/23 15:18,15,HmpSng,
272,273,Spectrogram 1,1,329862.1552,329993.3998,187.5,665.9,3/15/23 16:13,16,HmpSng,
273,274,Spectrogram 1,1,331481.2641,331556.3702,122.8,562.5,3/15/23 16:40,16,HmpSng,
274,275,Spectrogram 1,1,333885.7786,334003.1477,103.4,892.2,3/15/23 17:20,17,HmpSng,
275,276,Spectrogram 1,1,337517.1195,337570.0756,271.6,717.7,3/15/23 18:21,18,HmpSng,
276,277,Spectrogram 1,1,338411.2129,338511.9059,135.8,898.7,3/15/23 18:36,18,HmpSng,
277,278,Spectrogram 1,1,339032.3529,339115.4787,103.4,737.1,3/15/23 18:46,18,HmpSng,
278,279,Spectrogram 1,1,339951.5749,339989.7644,77.6,821.1,3/15/23 19:01,19,HmpSng,
279,280,Spectrogram 1,1,340204.2863,340326.3655,155.2,911.6,3/15/23 19:05,19,HmpSng,
280,281,Spectrogram 1,1,340841.2114,340947.1236,0,698.3,3/15/23 19:16,19,HmpSng,
281,282,Spectrogram 1,1,342125.3175,342217.4815,0,691.8,3/15/23 19:37,19,HmpSng,
282,283,Spectrogram 1,1,346956.2659,347027.9349,71.1,530.2,3/15/23 20:58,20,HmpSng,
283,284,Spectrogram 1,1,350212.8147,350263.7341,0,633.6,3/15/23 21:52,21,HmpSng,
284,285,Spectrogram 1,1,350637.9661,350682.2659,58.2,510.8,3/15/23 21:59,21,HmpSng,
285,286,Spectrogram 1,1,352805.0693,352884.6308,58.2,614.2,3/15/23 22:35,22,HmpSng,
286,287,Spectrogram 1,1,353644.2962,353777.0684,148.7,1092.7,3/15/23 22:49,22,HmpSng,
287,288,Spectrogram 1,1,367910.2467,367966.3853,148.7,575.4,3/16/23 2:47,2,HmpSng,
288,289,Spectrogram 1,1,368898.459,368970.8918,407.3,853.4,3/16/23 3:04,3,HmpSng,
289,290,Spectrogram 1,1,370801.0097,370868.4779,12.9,646.6,3/16/23 3:35,3,HmpSng,
290,291,Spectrogram 1,1,371683.5181,371784.4657,168.1,853.4,3/16/23 3:50,3,HmpSng,
291,292,Spectrogram 1,1,372421.0592,372577.3817,19.4,588.4,3/16/23 4:02,4,HmpSng,
292,293,Spectrogram 1,1,373104.1158,373167.6377,45.3,1105.6,3/16/23 4:14,4,HmpSng,
293,294,Spectrogram 1,1,373910.3205,373980.2073,51.7,866.4,3/16/23 4:27,4,HmpSng,
294,295,Spectrogram 1,1,375915.8562,376026.6058,77.6,659.5,3/16/23 5:01,5,HmpSng,
295,296,Spectrogram 1,1,376250.6766,376358.6256,71.1,879.3,3/16/23 5:06,5,HmpSng,
296,297,Spectrogram 1,1,376962.4531,377042.7784,0,788.8,3/16/23 5:18,5,HmpSng,
297,298,Spectrogram 1,1,379366.2296,379440.3173,38.8,1002.2,3/16/23 5:58,5,HmpSng,
298,299,Spectrogram 1,1,379672.1532,379798.5605,77.6,814.7,3/16/23 6:03,6,HmpSng,
299,300,Spectrogram 1,1,379998.19,380096.4644,0,672.4,3/16/23 6:09,6,HmpSng,
300,301,Spectrogram 1,1,380847.7798,380938.9255,25.9,717.7,3/16/23 6:23,6,HmpSng,
301,302,Spectrogram 1,1,381862.3479,381937.454,84.1,834.1,3/16/23 6:40,6,HmpSng,
302,303,Spectrogram 1,1,382307.6377,382373.7055,0,1234.9,3/16/23 6:47,6,HmpSng,
303,304,Spectrogram 1,1,383208.5287,383265.4311,148.7,814.7,3/16/23 7:02,7,HmpSng,
304,305,Spectrogram 1,1,383522.4721,383598.342,0,788.8,3/16/23 7:07,7,HmpSng,
305,306,Spectrogram 1,1,385325.8828,385423.2661,187.5,769.4,3/16/23 7:37,7,HmpSng,
306,307,Spectrogram 1,1,386750.7852,386898.8333,103.4,788.8,3/16/23 8:01,8,HmpSng,
307,308,Spectrogram 1,1,387080.0045,387194.7003,142.2,633.6,3/16/23 8:07,8,HmpSng,
308,309,Spectrogram 1,1,387550.4741,387624.689,142.2,614.2,3/16/23 8:15,8,HmpSng,
309,310,Spectrogram 1,1,387852.8586,387919.8176,12.9,937.5,3/16/23 8:20,8,HmpSng,
310,311,Spectrogram 1,1,390753.0736,390838.8727,45.3,465.5,3/16/23 9:08,9,HmpSng,
311,312,Spectrogram 1,1,391028.0378,391177.868,135.8,646.6,3/16/23 9:12,9,HmpSng,
312,313,Spectrogram 1,1,391999.1468,392119.6983,32.3,885.8,3/16/23 9:29,9,HmpSng,
313,314,Spectrogram 1,1,394193.3645,394249.5031,0,1170.3,3/16/23 10:05,10,HmpSng,
314,315,Spectrogram 1,1,395085.2939,395229.141,38.8,672.4,3/16/23 10:20,10,HmpSng,
315,316,Spectrogram 1,1,398072.581,398122.4819,32.3,750,3/16/23 11:10,11,HmpSng,
316,317,Spectrogram 1,1,398381.687,398444.827,0,814.7,3/16/23 11:15,11,HmpSng,
317,318,Spectrogram 1,1,399078.4423,399111.5399,38.8,834.1,3/16/23 11:27,11,HmpSng,
318,319,Spectrogram 1,1,401804.0542,401879.9241,64.7,892.2,3/16/23 12:12,12,HmpSng,
319,320,Spectrogram 1,1,407074.5404,407164.4131,84.1,1099.1,3/16/23 13:40,13,HmpSng,
320,321,Spectrogram 1,1,409863.8014,409983.08,58.2,866.4,3/16/23 14:26,14,HmpSng,
321,322,Spectrogram 1,1,410594.0361,410660.2313,116.4,717.7,3/16/23 14:39,14,HmpSng,
322,323,Spectrogram 1,1,414002.4011,414054.3388,0,795.3,3/16/23 15:35,15,HmpSng,
323,324,Spectrogram 1,1,414093.5706,414173.3867,103.4,640.1,3/16/23 15:37,15,HmpSng,
324,325,Spectrogram 1,1,414864.8719,414987.4603,84.1,562.5,3/16/23 15:50,15,HmpSng,
325,326,Spectrogram 1,1,415518.2185,415601.217,38.8,659.5,3/16/23 16:01,16,HmpSng,
326,327,Spectrogram 1,1,415823.7602,415883.9723,38.8,711.2,3/16/23 16:06,16,HmpSng,
327,328,Spectrogram 1,1,416188.623,416293.3896,0,885.8,3/16/23 16:12,16,HmpSng,
328,329,Spectrogram 1,1,416641.0162,416742.3457,0,1118.5,3/16/23 16:19,16,HmpSng,
329,330,Spectrogram 1,1,418977.9602,419100.5486,0,1247.8,3/16/23 16:58,16,HmpSng,
330,331,Spectrogram 1,1,420169.6264,420260.8993,0,853.4,3/16/23 17:18,17,HmpSng,
331,332,Spectrogram 1,1,420270.6231,420352.9852,0,665.9,3/16/23 17:20,17,HmpSng,
